Team,Conf,Off.,Def.,Off.,Def.,Off.,Def.,Off.,Def.,Off.,Def.,Off.,Def.,Off.,Def.,Off.,Def.
Duke 3,ACC,"126.4
1","99.4
71","53.8
26","49.3
150","14.6
10","18.5
156","35.2
48","31.3
170","38.8
218","40.8
180","72.9
70","69.3
136","50.3
95","50.3
237","39.5
11","30.7
20"
Creighton 3,BE,"125.7
2","102.6
126","58.9
1","48.5
120","15.0
19","14.8
342","27.7
284","27.8
28","33.9
317","33.0
40","74.3
32","69.4
140","56.3
2","47.0
113","41.4
1","34.2
156"
Michigan 2,B10,"125.5
3","100.6
89","55.7
8","49.4
153","14.8
15","17.1
244","29.4
241","30.5
129","34.9
302","26.7
2","76.3
10","73.1
323","52.7
27","50.2
234","40.2
5","31.8
49"
Wisconsin 2,B10,"123.2
4","96.7
38","53.3
32","47.2
76","12.7
2","15.3
325","28.1
275","27.4
17","42.7
100","27.1
3","74.6
24","72.2
294","51.3
60","45.9
74","37.6
57","34.1
150"
Iowa 11,B10,"121.7
5","99.9
77","51.1
105","47.4
82","15.9
39","18.8
135","37.6
17","29.0
65","45.3
55","35.4
69","73.5
49","70.6
208","50.6
82","47.3
121","35.0
136","31.7
47"
Michigan St. 4,B10,"120.1
6","96.0
32","54.5
15","45.8
35","17.4
105","17.7
218","32.9
115","27.5
21","33.7
321","40.3
170","70.7
151","73.0
322","52.1
42","43.5
19","39.2
15","33.2
103"
Baylor 6,B12,"119.7
7","100.2
81","51.3
92","48.7
126","17.8
133","15.8
317","40.1
3","32.0
215","44.8
60","32.3
33","68.1
248","67.0
38","48.3
187","46.4
91","38.0
45","35.6
246"
Kansas 2,B12,"119.7
8","96.3
35","54.2
17","47.1
73","19.1
238","16.4
293","37.3
20","28.8
58","48.3
32","45.5
279","71.1
138","67.8
67","55.5
6","44.3
36","34.0
185","35.5
241"
UCLA 4,P12,"119.6
9","97.3
46","54.1
21","49.9
177","14.5
9","20.3
46","29.8
232","28.6
49","38.2
236","35.7
78","74.9
22","67.6
59","53.0
21","48.6
171","38.0
41","34.4
170"
Louisville 4,Amer,"119.4
10","88.2
2","53.5
30","43.9
5","15.3
25","25.0
2","37.1
23","32.7
243","41.2
144","38.4
131","66.1
296","68.1
77","52.7
25","44.3
37","36.8
70","28.6
2"
Iowa St. 3,B12,"119.1
11","99.5
72","54.2
19","47.7
93","14.5
8","15.9
308","28.8
261","28.5
45","36.4
277","30.7
17","69.3
197","73.2
327","54.4
9","46.0
78","35.8
105","34.1
151"
Oklahoma 5,B12,"118.7
12","100.2
80","51.7
78","49.7
168","15.7
32","17.8
208","32.4
131","30.4
124","39.4
197","38.5
134","74.9
23","71.5
274","48.7
169","48.8
175","37.9
49","34.2
158"
Tennessee 11,SEC,"118.7
13","94.0
17","49.8
160","46.5
54","16.8
71","16.9
258","39.7
5","27.5
19","41.8
124","31.5
25","71.8
111","70.2
185","50.6
86","44.5
43","31.9
282","34.5
182"
Oregon 7,P12,"118.7
14","100.7
91","53.5
31","49.1
140","16.1
48","18.9
127","32.2
143","31.9
213","43.8
81","47.8
301","77.2
6","70.9
229","51.0
68","49.4
198","38.9
22","32.4
66"
Iona,MAAC,"118.7
15","108.4
231","57.4
3","50.6
212","14.8
17","16.7
271","26.1
315","35.6
327","38.0
245","29.4
8","71.4
129","68.4
89","55.8
4","50.4
240","39.6
10","34.1
149"
Kentucky 8,SEC,"117.7
16","96.9
41","49.9
155","46.0
42","18.1
153","16.1
301","42.0
1","29.7
96","51.8
11","36.8
98","68.2
238","69.0
127","50.0
104","44.9
47","33.2
218","32.2
64"
Pittsburgh 9,ACC,"117.7
17","94.7
20","50.7
118","46.7
60","16.3
53","19.2
107","37.2
22","29.0
66","44.3
69","36.4
92","71.2
135","70.7
220","50.1
101","45.5
61","35.1
130","32.6
76"
Wichita St. 1,MVC,"117.0
18","93.6
13","52.4
52","44.7
18","16.2
49","18.2
176","35.0
51","26.2
8","46.9
41","35.7
76","72.4
81","64.9
6","52.3
32","43.6
24","35.0
139","31.1
32"
Arizona 1,P12,"116.7
19","88.1
1","51.7
75","42.3
1","15.7
30","19.1
115","36.4
28","27.3
16","41.0
153","34.2
54","65.9
300","71.6
279","50.7
76","40.2
2","36.4
79","32.0
57"
Florida 1,SEC,"116.4
20","89.1
3","52.2
59","45.4
27","17.5
110","21.3
24","35.3
44","28.0
34","42.4
103","31.2
21","66.8
279","69.3
138","51.3
59","43.5
20","35.9
96","33.0
96"
Oklahoma St. 9,B12,"116.2
21","95.5
28","52.4
47","46.3
50","14.7
13","20.0
58","28.0
280","32.0
220","49.7
21","41.0
186","71.9
107","68.7
106","51.3
58","45.0
50","36.4
77","32.7
82"
West Virginia,B12,"115.7
22","102.5
123","50.4
131","50.6
215","14.2
7","18.5
155","32.4
132","32.5
241","39.1
209","41.6
206","72.1
97","67.7
62","46.9
244","50.0
229","38.1
38","34.5
175"
Villanova 2,BE,"115.7
23","93.1
11","53.6
29","46.3
49","17.3
98","20.0
61","32.6
126","28.7
55","44.5
66","38.6
136","71.6
119","70.7
218","53.8
13","43.0
12","35.6
114","35.3
230"
Providence 11,BE,"115.4
24","101.2
101","48.3
223","48.9
133","17.3
101","16.4
289","35.3
45","30.8
141","41.9
123","33.7
48","78.2
2","68.9
115","46.5
258","48.8
178","34.7
157","32.8
86"
North Carolina St. 12,ACC,"115.4
25","102.1
114","50.0
144","47.5
85","15.8
37","17.4
231","34.1
79","35.6
326","37.0
265","42.6
223","65.7
309","71.2
254","51.5
54","47.3
120","30.5
324","32.1
61"
Virginia 1,ACC,"115.2
26","90.2
5","50.8
116","44.2
7","16.5
59","18.4
163","33.9
86","25.8
6","42.0
117","32.5
35","67.3
264","66.2
25","49.0
151","42.1
7","36.9
68","32.3
65"
Boston College,ACC,"115.0
27","110.6
272","52.1
63","52.1
283","17.4
109","15.0
337","27.1
296","35.1
318","44.5
67","41.5
201","74.3
33","72.9
318","51.7
49","50.3
236","35.1
134","37.9
318"
Minnesota,B10,"114.9
28","99.1
67","51.6
81","48.7
125","18.1
155","18.7
145","31.4
171","31.2
164","39.7
185","40.2
168","73.8
45","72.8
315","50.6
85","47.1
117","35.5
121","34.4
171"
Boise St.,MWC,"114.9
29","104.3
154","51.2
103","51.3
247","15.0
18","17.0
251","32.1
146","26.4
9","36.6
273","42.3
219","75.7
15","70.4
200","49.8
113","50.4
242","35.9
99","35.3
228"
Georgetown,BE,"114.8
30","100.7
92","51.1
107","47.9
105","17.9
141","18.2
178","31.9
156","32.1
223","44.8
59","52.4
331","72.1
93","69.7
153","51.7
46","46.8
105","33.1
223","33.3
115"
Syracuse 3,ACC,"114.7
31","93.5
12","48.2
233","48.0
110","14.8
16","21.9
15","38.1
12","31.5
180","38.2
235","36.7
97","70.8
148","66.8
33","47.7
212","45.5
62","33.1
220","34.5
181"
Missouri,SEC,"114.7
32","103.6
141","51.2
101","47.8
100","19.0
235","15.9
314","34.7
60","30.7
138","52.5
8","37.7
114","74.2
35","68.4
88","51.0
69","46.6
97","34.4
171","33.2
109"
Georgia St.,SB,"114.6
33","104.9
165","53.1
35","49.6
167","11.9
1","20.1
55","24.9
330","34.1
293","38.8
219","36.0
81","77.8
3","67.8
66","51.1
66","48.3
158","38.0
42","34.3
165"
North Dakota St. 12,Sum,"114.6
34","103.6
143","54.5
14","49.8
172","15.6
28","17.1
245","30.6
199","27.9
30","41.6
133","40.2
166","75.8
12","75.3
349","55.4
7","46.1
82","34.7
155","37.8
315"
Belmont,OVC,"114.5
35","105.9
187","57.6
2","52.0
278","18.6
196","20.5
42","28.2
273","33.3
272","41.2
148","42.9
226","74.1
41","69.6
149","56.9
1","52.1
301","39.0
17","34.5
174"
Toledo,MAC,"114.5
36","110.1
257","51.0
110","52.6
299","14.7
12","19.5
87","35.2
47","31.7
200","43.8
83","35.1
64","73.1
65","69.8
160","50.6
87","52.0
297","34.6
160","35.8
258"
Saint Joseph's 10,A10,"114.4
37","98.2
57","53.9
25","47.8
98","18.7
201","15.3
329","29.5
239","27.8
27","43.6
85","30.6
16","64.5
330","69.3
139","52.3
34","46.0
79","37.9
50","34.2
159"
BYU 10,WCC,"114.4
38","101.1
99","50.6
120","49.1
141","15.3
24","16.6
277","34.9
54","28.6
47","47.6
37","36.8
100","69.1
202","71.5
275","49.2
141","48.2
155","36.9
69","33.7
128"
Gonzaga 8,WCC,"114.2
39","94.0
16","55.2
10","44.6
15","17.4
106","17.4
232","30.6
197","29.5
90","41.2
145","38.6
138","70.8
147","70.6
210","53.6
17","43.3
16","39.0
19","31.8
50"
Notre Dame,ACC,"114.1
40","105.6
184","51.7
77","51.4
251","15.9
40","16.8
263","32.1
144","30.1
112","30.0
345","32.1
30","71.8
113","75.1
348","50.7
81","48.2
153","35.8
103","38.5
331"
North Carolina 6,ACC,"113.9
41","95.4
24","49.9
156","47.0
69","16.9
75","19.3
99","38.1
13","31.3
169","42.9
97","41.4
197","62.6
343","67.0
39","49.7
114","46.7
102","33.6
198","31.7
48"
Oregon St.,P12,"113.8
42","106.0
189","54.1
22","50.6
214","19.5
257","15.2
331","30.7
194","32.0
218","50.9
17","36.8
99","69.5
190","69.7
154","52.3
37","48.5
167","39.2
16","36.8
282"
Davidson,SC,"113.8
43","107.8
222","54.7
12","51.7
263","16.6
64","17.7
217","29.1
251","28.6
50","38.4
232","45.5
280","71.9
110","71.0
236","53.5
18","51.0
262","37.8
52","36.0
263"
Northern Iowa,MVC,"113.6
44","104.6
162","52.7
43","51.1
235","16.1
43","17.1
246","25.9
319","27.9
32","38.5
229","37.3
109","72.2
91","72.1
292","51.7
48","49.1
185","35.9
98","36.4
274"
Dayton 11,A10,"113.5
45","99.7
75","52.4
51","48.8
127","18.1
152","18.8
139","33.9
87","28.8
59","40.6
160","43.0
233","68.1
250","70.8
227","50.4
94","48.3
159","37.7
53","33.2
104"
William & Mary,CAA,"113.5
46","112.6
307","56.2
6","52.2
286","16.1
47","15.8
315","24.3
339","30.8
148","39.6
187","29.3
7","68.9
210","71.9
288","53.0
23","50.5
244","40.4
3","37.1
292"
New Mexico 7,MWC,"113.4
47","96.3
36","51.1
106","45.0
21","15.9
38","14.9
339","32.5
129","28.2
40","46.7
42","31.3
23","72.3
86","72.5
306","51.7
47","41.1
3","33.2
219","34.8
199"
Memphis 8,Amer,"113.1
48","97.6
51","51.9
67","48.4
118","18.6
195","20.3
49","35.8
34","33.3
269","39.5
190","33.8
50","64.7
328","65.2
10","52.7
26","49.2
190","33.0
226","31.0
27"
Connecticut 7,Amer,"113.0
49","92.0
9","51.5
82","44.6
16","17.3
102","19.6
81","30.4
207","32.8
249","38.3
233","35.7
77","77.7
4","66.4
27","48.1
196","42.2
8","38.7
24","33.0
93"
Texas 7,B12,"112.9
50","97.4
47","47.4
262","46.5
56","17.5
112","16.3
297","39.6
6","30.2
116","43.4
86","41.0
187","67.1
270","69.2
135","46.9
246","42.9
11","32.7
246","35.2
225"
,,Adj. Eff.,,Eff. FG%,,Turnover%,,Off. Reb%,,FT Rate,,FT%,,2P%,,3P%,
Team,Conf,Off.,Def.,Off.,Def.,Off.,Def.,Off.,Def.,Off.,Def.,Off.,Def.,Off.,Def.,Off.,Def.
Stephen F. Austin 12,Slnd,"112.7
51","102.2
115","52.3
57","50.5
207","16.9
73","23.6
6","38.2
10","28.9
61","39.9
180","50.7
327","71.4
128","68.6
100","52.3
35","50.0
224","34.9
143","34.7
188"
Eastern Kentucky 15,OVC,"112.6
52","108.5
232","56.7
4","55.7
342","15.8
36","24.2
3","23.0
346","34.0
292","43.2
91","54.9
343","75.5
18","71.3
256","55.7
5","56.7
346","38.6
26","35.8
256"
Xavier 12,BE,"112.6
53","100.2
82","51.7
74","49.4
155","18.7
202","16.9
259","34.1
77","28.7
54","41.6
132","39.5
155","68.8
212","66.8
34","51.5
55","47.4
127","34.8
151","35.2
222"
Harvard 12,Ivy,"112.6
54","95.9
31","52.1
64","46.2
46","17.6
120","21.1
29","32.3
136","29.3
81","48.4
31","36.3
90","72.3
87","70.8
223","49.7
117","44.9
48","38.6
27","32.7
80"
Florida St.,ACC,"112.5
55","98.2
55","51.7
80","45.4
28","21.3
322","18.9
134","34.5
63","35.7
329","45.6
51","36.2
88","72.2
88","69.1
131","49.7
118","43.5
22","38.0
43","32.9
89"
Saint Mary's,WCC,"112.5
56","100.5
84","51.4
88","49.7
169","18.2
162","18.1
190","35.8
35","29.7
98","48.0
35","40.9
183","70.8
150","71.0
237","48.3
185","49.1
187","38.1
39","34.2
157"
New Mexico St. 13,WAC,"112.3
57","102.6
124","53.2
33","44.4
9","18.7
209","16.1
302","37.7
16","33.0
255","53.9
4","34.1
52","68.4
225","73.2
328","52.9
24","42.7
9","36.1
92","33.2
106"
Stanford 10,P12,"112.2
58","97.2
45","51.3
98","48.0
109","17.0
77","17.0
253","29.3
243","28.1
39","45.0
58","37.0
103","70.2
166","71.6
277","49.9
109","45.8
72","36.4
82","34.9
203"
St. Bonaventure,A10,"112.2
59","102.3
118","49.6
166","50.7
218","18.7
207","21.5
21","36.5
27","31.7
199","41.1
149","45.0
273","71.6
122","70.1
179","49.9
110","49.4
199","32.6
247","35.5
244"
Canisius,MAAC,"112.0
60","109.1
248","52.7
40","50.9
226","16.5
63","19.6
80","31.8
157","36.3
339","38.0
246","35.3
67","74.3
34","72.3
301","49.9
108","51.4
275","38.6
28","33.4
119"
San Francisco,WCC,"111.9
61","103.7
144","53.1
36","50.5
206","17.3
99","16.7
273","33.0
113","29.4
86","43.9
77","40.2
164","64.1
335","70.4
204","52.7
28","49.1
184","36.0
95","35.3
227"
Louisiana Lafayette 14,SB,"111.9
62","105.6
183","51.5
85","50.4
204","18.8
215","18.5
157","36.5
26","31.8
206","44.3
70","44.0
259","66.5
288","69.7
158","49.6
122","50.6
250","37.1
63","33.2
105"
LSU,SEC,"111.8
63","99.1
66","50.0
145","46.7
61","19.2
244","18.0
202","35.0
53","31.6
193","34.2
314","38.7
146","66.9
274","70.1
182","49.4
134","43.8
27","34.2
177","35.8
259"
Washington,P12,"111.8
64","104.9
167","49.6
169","51.8
268","16.5
60","16.3
295","32.2
142","29.2
77","37.1
262","41.4
199","75.8
13","69.2
133","49.1
147","53.3
327","33.9
189","31.8
51"
Mississippi,SEC,"111.7
65","102.7
127","48.2
231","48.4
119","15.9
42","19.9
64","33.1
112","35.5
323","39.6
186","43.3
243","69.6
182","68.9
120","46.5
261","46.2
88","33.9
186","34.7
190"
California,P12,"111.5
66","100.5
85","50.7
117","46.9
66","15.1
20","15.0
336","29.5
240","29.8
105","35.6
295","33.7
49","68.6
219","73.1
326","50.2
100","44.3
38","34.5
167","35.3
231"
Delaware 13,CAA,"111.4
67","106.6
201","50.4
132","49.4
157","13.4
4","16.8
261","29.1
249","32.8
250","43.9
76","38.0
120","71.1
139","69.4
143","49.5
125","49.6
206","34.7
156","32.7
83"
Fresno St.,MWC,"111.3
68","104.6
161","49.9
151","48.8
129","14.7
11","16.6
276","24.0
341","31.6
197","40.6
161","42.0
212","73.0
67","69.5
145","47.1
235","49.5
204","36.3
86","31.5
40"
Houston,Amer,"111.3
69","108.6
233","51.2
100","50.1
188","18.9
230","16.4
292","31.6
167","34.0
290","38.2
237","34.6
57","66.7
281","69.9
169","49.5
128","49.0
181","36.7
73","34.9
202"
Arkansas,SEC,"111.2
70","97.0
42","50.1
143","46.2
47","15.7
33","23.2
8","31.8
158","36.6
343","40.2
175","43.0
234","72.6
77","69.7
152","48.0
201","43.6
25","36.2
87","34.6
184"
Auburn,SEC,"111.0
71","104.6
160","48.9
198","49.8
175","17.9
142","18.8
138","31.7
165","33.1
265","44.1
73","48.7
310","72.1
92","69.4
141","50.0
106","45.4
58","31.0
313","38.7
336"
Quinnipiac,MAAC,"111.0
72","110.4
266","46.8
284","48.0
111","17.6
119","12.0
351","41.9
2","27.2
14","48.1
34","36.2
87","71.6
120","70.3
196","44.6
323","46.5
95","35.7
113","34.7
187"
UC Santa Barbara,BW,"111.0
73","104.4
156","53.1
34","47.0
68","17.6
123","16.0
305","31.1
181","31.5
185","41.9
120","39.3
151","71.3
131","67.5
53","50.5
91","43.5
21","38.7
25","35.2
221"
SMU,Amer,"110.9
74","94.4
18","52.8
38","44.8
19","20.2
288","21.2
27","35.0
52","30.5
127","43.8
80","38.7
142","68.3
231","69.4
144","51.6
51","42.7
10","37.9
46","32.1
60"
Utah,P12,"110.9
75","96.9
40","53.1
37","47.3
80","18.3
170","18.8
141","28.2
272","29.2
78","39.8
181","36.2
89","74.1
39","67.5
52","53.7
16","46.7
101","34.5
164","32.6
77"
Denver,Sum,"110.9
76","109.5
252","54.3
16","52.6
298","16.6
66","21.0
31","24.8
333","33.4
275","34.7
305","49.2
315","70.9
145","68.9
119","51.8
45","53.4
330","38.4
34","33.8
137"
Arizona St. 10,P12,"110.9
77","97.1
44","52.4
50","46.3
51","16.3
54","17.0
252","24.5
337","30.2
119","42.5
102","37.3
108","69.4
192","64.8
4","48.8
158","45.3
54","39.0
20","32.6
73"
George Washington 9,A10,"110.8
78","97.6
50","51.5
84","47.2
77","19.0
236","19.6
85","35.1
49","31.4
176","46.6
43","33.4
43","65.2
322","66.6
29","50.2
97","47.4
128","36.4
78","31.2
33"
Colorado St.,MWC,"110.7
79","108.2
229","46.2
312","51.5
258","14.1
6","16.8
262","34.7
59","27.7
24","47.6
38","37.4
111","72.5
80","71.8
282","45.7
285","48.4
166","31.6
298","38.2
324"
Buffalo,MAC,"110.7
80","104.2
153","50.2
138","47.1
74","18.5
186","19.2
110","35.1
50","31.4
177","41.8
125","36.3
91","71.6
121","68.3
83","50.0
102","47.6
137","33.7
195","30.6
19"
Penn St.,B10,"110.7
81","101.1
100","48.3
222","47.7
95","15.8
34","16.4
286","29.9
228","28.7
56","39.4
196","47.9
303","74.1
38","71.3
257","48.6
173","44.9
49","31.9
284","35.2
226"
Duquesne,A10,"110.6
82","108.8
239","50.6
125","53.3
318","16.2
50","17.6
221","29.9
224","28.9
63","42.2
114","33.6
46","66.9
277","67.2
46","48.5
177","49.6
207","36.3
84","39.3
344"
Hawaii,BW,"110.5
83","108.1
227","51.3
91","51.0
232","16.8
72","19.2
108","37.3
19","31.6
191","42.4
107","40.4
171","72.7
75","72.6
308","51.9
44","50.8
254","33.2
215","34.2
161"
Texas Tech,B12,"110.4
84","102.4
120","49.7
165","49.9
179","18.8
218","17.9
205","37.6
18","32.9
251","38.7
226","42.0
213","72.8
72","73.9
334","50.7
77","50.0
225","31.1
312","33.0
100"
Louisiana Tech,CUSA,"110.4
85","95.5
27","51.2
102","46.0
40","15.7
31","22.8
10","33.5
96","29.9
108","41.7
128","38.6
137","67.4
261","67.2
45","52.2
38","45.6
64","33.0
225","31.5
43"
IPFW,Sum,"110.4
86","108.0
226","55.3
9","52.1
282","18.7
199","17.8
210","32.1
145","27.5
22","41.7
130","32.2
31","66.4
291","71.5
276","54.0
12","52.0
296","38.4
35","34.8
195"
Marquette,BE,"110.3
87","98.7
61","48.7
210","49.1
144","17.5
111","19.3
101","34.1
76","29.6
92","44.8
61","38.7
141","69.0
203","67.1
41","48.9
155","45.7
69","32.1
273","36.5
277"
Miami FL,ACC,"110.3
88","99.1
68","47.6
256","47.0
71","17.2
91","16.4
287","33.5
95","30.4
123","36.1
286","31.2
22","68.7
218","66.1
21","47.2
231","43.4
17","32.3
270","35.5
245"
Temple,Amer,"110.3
89","109.2
249","48.0
242","52.6
300","15.1
21","15.9
309","32.3
137","33.9
286","31.7
340","37.2
106","70.7
155","68.1
76","46.8
249","52.1
302","33.8
193","35.9
261"
Mercer 14,ASun,"110.3
90","102.4
121","54.0
23","46.8
64","17.5
115","19.0
122","32.0
151","31.1
157","37.3
256","41.0
188","73.9
42","69.9
164","51.6
50","46.9
110","38.8
23","31.0
26"
San Diego St. 4,MWC,"110.0
91","91.3
8","46.7
285","44.4
12","15.2
22","20.6
37","36.1
31","29.4
84","45.1
56","32.4
34","67.3
265","68.3
85","45.1
303","43.5
23","34.2
174","30.8
24"
Cleveland St.,Horz,"109.8
92","102.8
129","52.7
42","47.8
99","19.3
250","19.3
105","31.9
154","31.5
183","37.5
254","44.3
262","75.0
21","71.2
250","48.8
161","46.6
99","40.2
4","33.4
118"
Murray St.,OVC,"109.8
93","105.9
185","53.7
27","49.4
154","18.0
148","17.0
255","31.7
163","31.3
173","45.9
47","35.0
61","66.7
282","67.6
61","52.2
39","49.8
217","37.6
56","32.2
63"
Nevada,MWC,"109.7
94","107.6
220","49.2
186","50.0
185","15.5
26","15.9
310","31.1
182","31.7
204","38.1
242","40.5
174","72.9
69","74.8
346","48.5
175","49.9
222","33.8
194","33.5
125"
Oakland,Horz,"109.6
95","111.6
286","50.2
140","57.1
349","16.1
45","19.7
73","25.0
329","30.4
126","37.7
252","42.9
229","72.4
85","70.9
230","47.0
242","55.8
345","36.6
74","39.3
343"
Massachusetts 6,A10,"109.6
96","97.5
49","50.4
133","46.6
57","18.8
214","18.7
148","34.3
69","31.7
202","39.2
204","37.2
105","68.3
232","67.5
55","49.9
107","46.8
106","34.6
162","30.8
23"
Towson,CAA,"109.4
97","107.8
223","50.5
126","45.7
33","17.5
114","12.8
349","34.6
62","30.8
143","53.2
5","38.1
123","69.5
187","68.5
97","49.2
140","45.2
53","35.7
112","31.1
31"
Southern Miss,CUSA,"109.4
98","100.5
86","50.6
124","50.2
195","20.5
306","23.0
9","38.6
9","29.1
72","51.5
13","46.3
285","68.9
209","65.2
9","50.0
105","49.2
191","34.7
152","34.3
167"
Lafayette,Pat,"109.4
99","115.9
334","53.7
28","54.3
333","18.9
228","17.7
219","27.4
290","33.7
281","33.3
327","35.8
80","75.6
16","73.0
321","50.6
88","53.4
331","39.7
8","37.2
296"
Seton Hall,BE,"109.3
100","100.5
87","52.4
48","50.2
193","18.1
150","18.2
179","26.4
312","28.3
41","43.1
92","41.6
205","72.1
96","71.1
242","51.6
53","49.1
186","35.8
102","34.9
205"
,,Adj. Eff.,,Eff. FG%,,Turnover%,,Off. Reb%,,FT Rate,,FT%,,2P%,,3P%,
Team,Conf,Off.,Def.,Off.,Def.,Off.,Def.,Off.,Def.,Off.,Def.,Off.,Def.,Off.,Def.,Off.,Def.
Portland,WCC,"109.3
101","103.6
142","50.9
113","49.0
137","17.1
84","16.7
272","32.1
147","29.3
82","39.5
191","43.9
255","73.5
48","69.8
159","47.9
208","46.0
80","39.4
12","36.9
285"
Colgate,Pat,"109.2
102","109.0
245","56.4
5","50.6
213","18.1
151","16.2
300","23.6
344","28.6
53","28.1
350","34.8
59","72.0
104","69.1
132","54.0
11","50.6
248","40.1
6","33.8
136"
Utah St.,MWC,"109.2
103","105.0
168","51.3
90","47.6
89","17.2
87","12.4
350","32.3
135","26.7
10","33.7
322","33.6
47","73.9
43","72.3
302","46.8
248","48.2
156","40.9
2","31.1
30"
Cincinnati 5,Amer,"109.2
104","92.2
10","47.7
251","44.8
20","17.4
108","22.4
12","39.1
8","32.3
229","38.7
222","36.0
82","70.8
146","67.5
54","46.6
256","43.2
15","33.5
201","32.0
58"
Purdue,B10,"109.2
105","100.9
96","47.2
270","47.8
103","17.8
132","16.4
290","36.3
30","30.6
136","37.5
255","41.9
209","67.1
271","71.4
271","46.2
269","46.9
112","33.2
217","33.0
98"
Pacific,WCC,"109.0
106","107.5
218","50.3
135","52.9
306","18.0
144","17.3
238","31.2
179","26.8
11","40.6
165","52.7
333","76.7
7","70.7
214","48.4
181","49.7
215","36.2
88","38.7
333"
Indiana,B10,"108.9
107","95.4
26","49.9
149","46.2
48","21.8
329","17.8
215","37.2
21","28.0
33","45.3
54","35.5
73","73.0
66","71.4
268","49.1
144","46.8
107","34.4
169","29.9
8"
Ohio St. 6,B10,"108.9
108","89.2
4","50.3
137","45.2
23","17.2
90","21.9
16","29.6
237","29.6
95","42.3
108","29.8
10","68.9
208","71.1
246","51.1
64","45.9
75","32.4
263","29.3
6"
VCU 5,A10,"108.8
109","90.5
6","47.9
245","47.8
101","17.2
92","25.6
1","34.9
55","30.8
142","35.2
298","39.7
158","67.4
262","66.8
35","45.6
287","48.8
179","34.9
142","30.3
12"
Alabama,SEC,"108.8
110","98.7
62","49.4
179","47.0
70","18.3
175","19.3
104","30.0
222","34.5
303","44.0
74","41.3
194","68.3
235","74.7
344","49.1
145","47.5
133","33.3
210","30.7
21"
VMI,BSth,"108.8
111","111.3
282","49.9
154","49.9
178","13.6
5","15.6
320","31.3
173","32.9
254","34.5
307","36.8
102","70.4
162","71.2
252","51.2
63","49.4
197","31.8
287","34.0
148"
Nebraska 11,B10,"108.8
112","95.8
29","48.3
224","47.6
91","16.7
67","19.0
120","25.7
325","29.0
70","42.3
109","44.9
271","71.7
115","68.1
74","47.4
219","47.8
144","33.3
211","31.5
42"
Northern Colorado,BSky,"108.7
113","115.1
332","53.9
24","54.1
329","17.2
93","19.0
121","33.4
99","30.9
151","37.6
253","40.7
177","69.5
191","73.1
325","52.7
29","52.7
314","37.9
48","37.9
317"
North Carolina Central 14,MEAC,"108.6
114","100.7
93","50.2
139","44.4
10","17.2
96","23.7
5","35.4
42","33.1
262","49.5
23","44.8
270","72.7
74","69.5
146","50.8
73","43.2
13","32.5
257","31.0
29"
Maryland,ACC,"108.6
115","95.2
22","49.1
190","47.2
78","18.6
191","18.7
147","33.5
97","28.9
62","36.7
270","42.1
216","67.9
252","67.7
64","47.8
209","45.4
59","34.2
175","34.1
154"
Fordham,A10,"108.6
116","111.6
289","45.0
336","52.5
297","16.4
58","18.0
198","35.4
41","35.6
325","33.4
326","42.3
220","73.3
57","70.8
222","44.5
325","51.9
295","30.6
321","35.7
255"
UNLV,MWC,"108.5
117","98.7
63","48.9
201","44.5
14","16.6
65","15.3
326","34.2
73","31.0
153","39.5
189","25.7
1","65.4
316","68.8
113","48.7
165","44.2
34","32.9
238","30.2
11"
Georgia,SEC,"108.4
118","99.7
74","48.9
199","45.9
36","20.0
278","16.0
306","35.3
46","29.8
103","54.1
3","43.4
244","68.2
237","70.6
212","47.5
216","44.8
46","34.9
150","31.9
55"
Kansas St. 9,B12,"108.4
119","93.6
14","48.7
214","45.3
25","18.5
188","19.0
123","34.7
61","33.2
266","40.3
172","45.4
278","65.6
311","68.4
95","48.3
182","45.9
76","33.1
221","29.3
5"
St. John's,BE,"108.3
120","95.8
30","48.7
213","46.5
55","15.6
29","19.2
106","31.1
180","30.8
146","37.1
259","38.1
124","69.9
178","70.8
225","47.6
215","44.0
32","34.9
146","34.5
179"
Oral Roberts,Slnd,"108.2
121","109.5
251","50.4
129","48.8
128","17.0
79","16.3
296","32.9
116","30.8
145","41.9
122","42.8
225","72.2
89","70.0
172","49.4
135","46.1
83","35.8
104","37.3
299"
Southeast Missouri St.,OVC,"108.2
122","113.8
324","55.1
11","51.8
266","18.5
183","15.9
311","32.3
138","29.0
67","39.5
195","43.0
235","69.4
193","74.1
335","55.9
3","49.2
189","35.6
117","37.6
309"
Vermont,AE,"107.8
123","100.9
95","52.2
60","45.5
31","18.2
161","20.1
57","33.1
111","27.8
25","46.0
46","40.2
163","71.9
106","72.9
319","49.7
116","44.0
30","39.0
18","32.5
70"
Northwestern St.,Slnd,"107.8
124","110.3
261","51.3
97","52.1
284","17.0
82","20.0
60","32.6
127","36.1
335","39.8
183","42.9
228","73.8
46","67.2
43","51.4
56","51.0
264","34.0
181","36.2
267"
Mount St. Mary's 16,NEC,"107.8
125","111.6
288","51.5
83","53.5
319","16.7
69","18.8
136","27.8
282","33.0
259","36.7
272","34.5
56","73.9
44","73.4
332","50.2
98","54.6
341","35.5
120","33.4
120"
Boston University,Pat,"107.8
126","101.5
104","52.3
56","49.8
173","17.6
121","20.4
44","28.1
276","29.8
106","29.9
346","31.5
26","71.4
125","70.7
219","50.9
72","48.2
152","36.3
83","35.4
233"
Radford,BSth,"107.8
127","114.2
326","51.9
70","52.4
290","15.8
35","17.5
226","31.5
170","31.5
184","40.4
170","39.0
150","68.8
215","71.3
262","51.3
61","50.4
241","35.7
109","38.3
326"
Pepperdine,WCC,"107.7
128","107.5
217","51.1
104","50.0
184","18.1
157","15.1
333","30.9
189","32.4
235","39.0
210","38.3
128","70.0
175","67.6
60","49.5
131","47.5
132","36.2
89","36.7
281"
Youngstown St.,Horz,"107.7
129","109.1
246","52.2
62","52.2
287","16.1
46","18.6
150","25.0
328","30.5
134","40.0
179","41.2
193","73.3
56","72.8
317","52.3
36","51.7
287","34.7
154","35.5
239"
Columbia,Ivy,"107.6
130","103.9
148","52.5
45","47.5
84","19.2
241","16.8
268","26.5
311","25.3
5","44.0
75","41.2
192","77.4
5","68.8
109","48.5
176","45.7
70","38.6
32","35.0
209"
Montana,BSky,"107.6
131","112.0
296","54.7
13","52.8
303","15.9
41","18.4
162","24.7
334","34.5
306","42.3
111","45.6
281","73.2
62","67.2
44","54.1
10","52.4
309","37.0
64","35.7
252"
Santa Clara,WCC,"107.5
132","106.5
199","48.6
216","50.8
222","15.5
27","18.0
197","29.0
258","33.4
274","36.9
267","46.6
289","73.4
52","72.8
316","45.3
299","49.9
223","36.4
80","35.8
257"
UNC Asheville,BSth,"107.5
133","111.4
284","51.4
89","51.2
241","19.3
251","16.8
269","33.6
94","34.2
294","43.4
87","41.3
195","74.6
26","68.3
82","48.7
171","49.2
193","38.1
40","36.9
286"
Colorado 8,P12,"107.4
134","96.7
39","48.3
225","49.4
160","19.7
265","17.8
211","34.0
80","26.1
7","48.3
33","30.2
13","71.8
112","70.2
186","48.6
174","47.3
124","31.8
286","35.6
249"
UCF,Amer,"107.3
135","106.6
200","49.0
194","51.9
275","20.0
280","17.2
242","38.1
11","33.1
260","38.2
239","36.6
95","61.4
349","65.7
13","49.1
150","51.0
265","32.6
253","36.0
264"
Wake Forest,ACC,"107.2
136","101.9
108","49.8
159","47.5
86","18.4
181","16.8
267","30.2
218","33.8
283","50.1
20","39.0
149","65.0
325","69.0
130","50.0
103","47.7
140","32.9
237","31.4
36"
Clemson,ACC,"107.2
137","94.6
19","47.4
263","43.9
6","18.2
165","17.3
240","33.8
88","32.5
239","36.1
284","28.6
5","74.4
28","66.5
28","47.9
205","44.3
39","31.0
314","28.5
1"
South Carolina,SEC,"107.2
138","101.8
107","46.5
297","49.2
149","21.3
321","20.0
63","39.4
7","33.9
285","45.7
49","56.9
346","70.6
157","68.7
108","42.6
343","49.4
202","37.8
51","32.6
74"
Green Bay,Horz,"107.1
139","98.9
64","50.9
114","46.0
41","18.7
208","19.9
66","34.0
81","32.5
238","43.0
94","34.1
53","72.0
99","71.3
259","50.9
70","44.7
45","34.0
182","32.4
67"
East Carolina,CUSA,"107.0
140","110.9
276","51.3
93","51.9
273","18.3
177","18.1
191","29.3
242","35.4
322","41.6
134","31.9
28","72.7
76","66.7
31","48.3
183","54.1
334","36.7
72","31.9
54"
Southern Illinois,MVC,"106.9
141","105.4
180","49.4
177","50.5
208","18.9
222","19.8
71","33.8
90","31.2
161","42.4
106","42.2
217","67.6
259","71.8
284","49.4
132","50.5
246","33.0
227","33.7
132"
Manhattan 13,MAAC,"106.9
142","97.1
43","50.7
119","45.4
29","19.7
270","21.7
18","34.4
68","33.3
270","55.5
2","52.8
334","66.3
292","70.0
176","48.7
166","44.0
31","36.9
67","32.7
81"
Central Michigan,MAC,"106.9
143","118.1
344","49.3
181","57.0
348","16.5
62","19.5
89","29.0
256","32.1
224","37.1
263","39.7
157","70.2
169","74.6
341","50.8
74","58.3
350","31.6
293","36.5
278"
Texas Southern 16,SWAC,"106.9
144","113.3
318","51.7
79","50.2
194","19.3
249","15.8
318","33.6
93","31.2
162","49.3
26","29.8
9","71.3
132","68.7
107","50.7
80","48.9
180","35.8
106","35.6
247"
George Mason,A10,"106.8
145","103.0
131","48.4
221","50.1
189","19.8
272","17.8
212","31.7
164","29.9
109","40.1
178","47.3
294","70.9
144","69.6
150","47.0
239","50.0
228","35.2
127","33.5
123"
Weber St. 16,BSky,"106.8
146","107.2
214","54.1
20","47.8
97","19.0
233","13.8
347","28.4
269","28.7
57","49.7
22","35.1
63","74.2
36","70.7
216","51.1
65","47.0
114","39.4
13","33.7
127"
Eastern Washington,BSky,"106.7
147","111.0
279","51.9
69","50.4
202","17.5
113","14.8
343","29.9
227","30.2
117","40.4
169","41.9
208","69.3
199","70.6
211","49.5
129","49.4
200","37.2
60","35.0
211"
Ohio,MAC,"106.6
148","103.3
138","52.4
49","46.2
45","19.1
239","18.3
170","27.4
292","30.1
115","34.3
312","41.5
204","71.7
114","70.8
224","52.3
33","45.7
68","35.1
131","31.5
41"
UTEP,CUSA,"106.5
149","99.3
70","50.6
122","44.5
13","20.2
290","17.4
234","32.2
141","32.9
253","52.7
7","37.8
117","68.5
220","66.0
17","51.2
62","43.9
28","32.6
252","30.5
16"
Arkansas St.,SB,"106.5
150","105.1
173","52.3
58","48.4
117","17.7
130","18.2
177","26.9
302","31.5
188","42.4
104","36.1
84","72.1
94","72.1
293","48.3
184","48.3
160","38.6
30","32.5
71"
,,Adj. Eff.,,Eff. FG%,,Turnover%,,Off. Reb%,,FT Rate,,FT%,,2P%,,3P%,
Team,Conf,Off.,Def.,Off.,Def.,Off.,Def.,Off.,Def.,Off.,Def.,Off.,Def.,Off.,Def.,Off.,Def.
La Salle,A10,"106.5
151","100.1
79","46.4
301","48.1
115","17.5
117","17.6
223","33.1
109","32.5
240","39.1
207","32.1
29","70.8
149","72.9
320","45.3
297","47.5
135","32.5
262","33.1
101"
Butler,BE,"106.4
152","98.9
65","47.3
265","50.1
190","15.3
23","17.7
216","30.4
206","28.5
44","37.7
251","31.4
24","65.6
314","68.8
112","47.3
223","51.4
276","31.4
304","31.4
38"
High Point,BSth,"106.3
153","111.7
293","52.2
61","53.7
321","18.3
174","18.0
201","30.3
214","33.3
271","32.4
335","35.0
62","74.4
31","70.7
215","49.7
119","54.3
336","38.6
31","35.0
208"
Georgia Tech,ACC,"106.3
154","98.6
59","47.8
246","47.4
83","18.4
178","15.4
324","32.7
123","28.5
43","34.4
310","37.9
119","68.4
226","70.5
206","48.0
200","46.2
86","31.5
303","33.2
111"
Indiana St.,MVC,"106.2
155","101.6
106","50.4
130","49.0
138","17.2
88","17.6
222","27.0
300","28.0
36","43.3
88","43.7
249","72.6
78","68.8
110","49.8
112","47.3
122","34.3
172","35.0
213"
San Diego,WCC,"106.2
156","102.3
117","51.0
111","49.4
156","18.7
203","17.5
229","27.8
283","30.1
114","41.5
138","37.7
116","69.7
181","70.0
174","47.9
207","47.9
148","38.0
44","35.0
210"
Tulsa 13,CUSA,"106.2
157","96.5
37","49.2
188","46.4
53","16.7
68","20.3
47","30.2
219","29.6
93","47.1
40","47.5
296","67.6
258","68.9
122","49.2
142","43.2
14","32.7
241","35.2
224"
Charleston Southern,BSth,"106.2
158","110.2
259","51.3
94","51.9
274","16.1
44","16.9
257","29.9
226","29.6
94","34.8
303","38.3
129","72.2
90","71.0
234","48.3
191","47.4
129","37.0
66","40.2
347"
Illinois,B10,"106.0
159","93.8
15","46.5
295","48.1
114","16.5
61","18.7
144","31.2
176","29.3
83","31.2
341","32.2
32","73.3
54","70.0
171","45.9
276","46.3
90","31.7
290","34.3
169"
Western Michigan 14,MAC,"106.0
160","103.3
136","52.0
66","47.6
88","20.9
316","18.5
161","31.0
186","32.0
217","51.4
15","34.7
58","71.9
108","71.4
270","53.7
15","47.8
142","32.6
250","31.5
44"
Rider,MAAC,"105.9
161","111.7
291","50.6
121","53.9
325","19.0
237","19.2
112","31.2
178","31.6
194","45.7
50","43.8
251","73.1
64","72.0
290","45.7
286","51.7
292","39.7
7","38.5
330"
DePaul,BE,"105.8
162","107.2
215","47.6
255","53.9
327","19.7
269","19.1
118","33.8
91","32.0
216","42.0
119","46.7
290","68.4
230","70.4
203","46.3
268","52.9
323","33.6
199","37.4
306"
South Dakota St.,Sum,"105.8
163","104.0
151","49.6
171","51.3
248","17.9
138","16.3
298","30.4
208","22.1
1","43.7
84","38.4
130","76.5
9","71.9
286","48.9
153","50.3
238","33.9
190","35.5
242"
Princeton,Ivy,"105.8
164","98.7
60","52.8
39","48.0
108","17.1
83","18.8
137","25.0
327","25.1
3","38.0
244","37.4
112","72.5
79","73.3
331","52.1
41","47.5
131","35.7
107","32.8
84"
Cal St. Northridge,BW,"105.8
165","112.3
302","48.9
196","52.1
285","18.2
163","17.3
239","33.0
114","31.2
163","48.8
29","41.9
207","79.0
1","70.0
170","47.3
226","52.3
307","36.4
81","34.6
183"
Sam Houston St.,Slnd,"105.8
166","107.9
224","51.7
76","50.4
203","18.9
223","20.6
39","33.5
98","31.7
203","52.1
10","49.9
319","67.1
272","70.9
232","48.9
152","49.5
203","38.2
36","35.1
215"
Missouri St.,MVC,"105.7
167","104.8
164","49.6
167","51.1
237","17.0
78","18.1
187","27.1
297","28.6
51","40.9
156","42.9
227","70.6
158","67.1
40","47.1
237","50.2
235","35.9
97","35.1
216"
Hofstra,CAA,"105.7
168","112.8
309","48.4
220","51.9
276","18.8
213","15.3
330","35.5
37","30.9
149","45.1
57","41.2
190","65.9
304","68.4
94","47.2
233","49.4
201","33.4
208","37.7
314"
Akron,MAC,"105.6
169","102.3
119","50.3
134","47.9
106","19.8
273","19.5
95","34.8
57","32.4
233","40.4
168","36.1
85","62.3
345","71.6
280","49.3
138","47.1
118","34.6
161","33.5
124"
Idaho,WAC,"105.6
170","112.6
306","50.3
136","51.5
253","16.9
74","15.1
332","30.7
195","30.8
147","44.8
63","41.2
191","69.0
206","67.9
72","48.7
167","52.0
298","35.6
118","33.7
129"
UT Arlington,SB,"105.6
171","110.5
269","49.9
158","51.6
259","18.9
225","17.1
247","31.3
174","31.8
209","43.3
90","42.7
224","70.9
143","67.8
68","48.8
164","48.4
165","34.4
170","37.6
310"
Wyoming,MWC,"105.5
172","100.6
88","52.7
41","46.2
44","16.9
76","16.6
278","18.1
351","31.6
198","45.6
52","32.8
36","72.0
101","70.3
195","53.0
20","45.6
63","34.9
149","31.6
46"
Saint Louis 5,A10,"105.5
173","91.1
7","49.6
170","44.4
11","18.6
192","21.0
32","28.8
263","29.0
69","40.3
171","35.6
75","69.9
179","68.4
90","50.5
90","44.4
41","31.7
288","29.6
7"
Army,Pat,"105.4
174","110.4
263","51.1
109","52.4
291","18.9
227","19.9
67","32.0
149","33.5
277","32.6
333","35.3
68","69.8
180","72.7
310","51.4
57","49.7
213","33.8
191","39.0
339"
Bryant,NEC,"105.3
175","109.0
244","52.5
46","50.0
183","18.1
159","18.0
199","29.0
255","34.0
291","37.1
260","32.8
37","70.5
160","68.6
101","53.8
14","47.5
130","33.2
216","36.4
275"
Loyola Marymount,WCC,"105.3
176","106.7
204","47.1
271","52.0
281","17.3
104","19.7
75","32.4
133","36.2
337","36.4
279","43.1
238","76.0
11","73.3
330","48.0
202","50.8
256","29.8
334","36.5
279"
Middle Tennessee,CUSA,"105.3
177","96.2
34","49.5
173","46.8
65","19.2
243","21.7
17","34.9
56","29.4
85","44.1
72","43.9
254","65.9
301","68.4
93","48.8
160","45.6
65","34.2
173","33.0
97"
Rutgers,Amer,"105.3
178","106.9
208","47.0
278","51.4
252","18.2
167","17.8
209","32.5
130","32.9
252","36.6
274","45.0
274","70.3
163","72.2
297","46.0
275","49.1
188","32.9
233","37.4
307"
Robert Morris,NEC,"105.2
179","106.5
198","50.4
128","51.8
267","17.0
80","19.1
116","30.9
190","31.6
195","36.6
275","38.4
132","72.8
73","70.4
202","46.5
259","52.7
317","38.5
33","33.5
122"
Grand Canyon,WAC,"105.2
180","112.2
300","49.2
189","49.8
174","18.9
220","14.5
345","27.4
291","29.2
79","52.1
9","40.0
160","74.1
40","70.1
178","47.0
241","48.5
169","35.1
135","35.4
235"
Drake,MVC,"105.1
181","106.4
193","52.1
65","51.2
239","18.8
211","16.9
260","26.8
305","27.1
13","38.2
238","38.6
140","71.5
123","69.5
148","47.4
221","50.9
260","39.7
9","34.5
173"
Milwaukee 15,Horz,"104.9
182","104.5
159","49.1
193","49.1
142","19.9
275","18.5
159","28.6
265","31.2
166","44.7
64","36.5
94","73.3
55","74.8
345","49.1
146","50.4
243","32.7
242","31.0
28"
USC Upstate,ASun,"104.9
183","105.2
177","50.5
127","47.6
90","18.3
171","18.0
200","34.5
65","30.8
144","38.9
213","38.6
139","67.2
268","72.7
312","52.0
43","45.1
52","31.8
285","34.2
164"
Stony Brook,AE,"104.9
184","105.3
178","50.0
146","48.1
112","18.7
198","19.0
124","34.0
84","26.9
12","38.4
230","42.1
214","72.0
102","71.0
235","48.8
159","47.3
123","35.4
123","32.9
90"
Holy Cross,Pat,"104.8
185","102.9
130","49.0
195","49.9
180","18.2
160","18.8
140","29.8
231","27.5
23","39.4
198","30.2
14","73.2
60","73.6
333","46.9
247","47.0
115","35.3
125","37.4
305"
Sacramento St.,BSky,"104.7
186","111.0
280","50.9
115","52.7
301","17.6
122","18.1
188","29.9
229","31.1
158","35.1
299","48.5
307","73.6
47","70.3
194","48.8
162","53.0
324","37.0
65","34.9
201"
Elon,SC,"104.7
187","106.9
209","52.3
53","49.0
136","17.6
124","16.8
264","26.9
303","31.8
212","35.8
289","40.6
175","71.2
136","68.1
75","50.9
71","48.6
172","36.3
85","33.3
114"
Richmond,A10,"104.6
188","97.5
48","48.1
234","45.9
38","16.2
52","20.0
59","25.9
320","34.3
300","41.0
154","40.4
172","66.9
275","70.1
183","48.0
197","46.2
85","32.2
272","30.1
10"
Evansville,MVC,"104.6
189","106.4
194","49.8
161","51.1
236","19.2
247","18.1
193","26.5
309","32.3
232","49.1
28","37.7
115","71.4
127","70.5
205","48.9
154","49.7
214","35.3
126","35.7
253"
Drexel,CAA,"104.5
190","102.1
112","46.6
291","47.2
79","12.9
3","17.1
243","28.9
260","29.7
101","39.2
205","46.6
288","70.9
142","67.4
51","46.4
263","47.6
139","31.4
305","30.8
25"
Long Beach St.,BW,"104.4
191","103.5
140","48.6
215","49.8
176","18.2
168","18.7
146","34.5
64","33.5
276","30.8
343","37.2
107","66.6
285","70.7
221","49.1
148","50.0
226","31.6
295","32.9
92"
North Dakota,BSky,"104.4
192","113.1
311","49.9
157","55.4
340","16.4
57","20.9
33","30.7
196","31.7
205","41.6
135","48.4
306","69.2
201","74.4
338","50.8
75","55.2
342","32.0
277","37.3
302"
Nebraska Omaha,Sum,"104.4
193","105.0
171","49.6
168","51.6
260","17.2
94","20.6
38","28.4
270","31.1
159","39.3
201","36.8
101","76.7
8","72.8
314","49.5
126","51.5
282","33.2
214","34.5
180"
Rhode Island,A10,"104.2
194","99.2
69","48.6
217","46.9
67","20.8
314","17.4
235","32.9
117","31.3
172","46.2
44","43.0
231","65.4
317","67.1
42","49.2
139","48.5
168","31.5
301","28.6
3"
UAB,CUSA,"104.1
195","103.2
135","45.3
329","46.7
62","18.5
184","15.3
328","39.8
4","29.7
97","41.6
131","30.9
18","65.6
312","66.7
32","45.5
292","46.2
89","30.0
333","31.9
56"
Vanderbilt,SEC,"104.1
196","98.6
58","49.1
191","45.7
34","20.6
312","16.5
285","29.9
225","34.6
308","41.2
146","35.3
66","65.8
305","64.8
5","49.8
111","45.8
73","31.9
283","30.4
14"
Texas A&M Corpus Chris,Slnd,"104.0
197","110.3
260","51.8
72","50.9
227","19.2
246","18.5
158","34.3
71","32.3
230","43.9
79","45.3
276","66.5
289","68.6
104","50.6
84","50.8
255","37.2
59","34.0
144"
Winthrop,BSth,"103.9
198","109.5
253","50.9
112","52.5
293","18.6
193","19.9
65","28.9
259","30.0
111","41.0
155","45.1
275","71.7
117","70.2
187","46.2
270","51.5
284","39.3
14","36.4
272"
Idaho St.,BSky,"103.9
199","112.6
305","49.4
178","53.9
326","18.9
224","19.2
111","35.4
40","31.8
207","45.4
53","35.3
65","71.1
140","68.5
96","47.8
210","50.7
252","35.6
115","38.7
334"
Kent St.,MAC,"103.8
200","106.7
203","49.4
175","48.9
132","18.3
173","19.6
83","30.4
211","31.5
186","37.0
266","47.6
300","70.6
156","72.2
296","47.3
225","47.6
138","35.1
129","34.5
177"
,,Adj. Eff.,,Eff. FG%,,Turnover%,,Off. Reb%,,FT Rate,,FT%,,2P%,,3P%,
Team,Conf,Off.,Def.,Off.,Def.,Off.,Def.,Off.,Def.,Off.,Def.,Off.,Def.,Off.,Def.,Off.,Def.
Jacksonville,ASun,"103.6
201","117.1
339","48.9
202","55.7
343","19.4
255","18.9
132","32.7
124","35.2
319","42.2
115","38.9
148","70.0
176","70.2
188","48.3
189","54.2
335","33.5
203","39.0
340"
Albany 16,AE,"103.5
202","103.7
145","48.8
207","48.3
116","19.7
266","18.3
171","31.9
153","28.4
42","42.0
118","29.1
6","75.0
20","72.3
300","47.0
240","46.0
81","36.0
94","34.9
204"
East Tennessee St.,ASun,"103.5
203","110.4
264","49.3
185","50.7
219","16.3
55","19.6
79","27.4
293","32.2
227","42.8
99","42.0
211","74.4
29","68.9
116","46.4
264","51.4
277","36.1
90","33.0
95"
Tennessee Martin,OVC,"103.3
204","118.5
346","48.1
235","58.8
351","16.2
51","19.5
88","30.0
223","32.7
246","35.1
300","49.7
318","72.0
105","70.6
209","45.8
281","59.4
351","34.9
145","38.2
322"
USC,P12,"103.3
205","102.2
116","47.8
247","48.9
134","19.6
263","15.7
319","30.6
198","32.2
225","42.3
110","38.7
143","66.9
276","68.5
99","49.7
115","49.2
192","28.5
342","32.1
62"
South Alabama,SB,"103.3
206","107.7
221","46.3
307","49.1
145","18.5
187","16.4
291","31.6
168","31.4
178","36.4
278","40.8
182","69.6
183","70.0
175","43.8
333","47.7
141","33.3
213","34.8
198"
Northern Kentucky,ASun,"103.2
207","117.6
340","50.6
123","53.3
317","17.8
134","16.8
265","28.4
271","32.2
226","35.7
293","48.8
311","70.6
159","70.1
180","49.4
136","51.7
289","34.9
148","37.7
311"
Lipscomb,ASun,"103.2
208","111.8
294","51.3
96","54.2
332","17.5
116","20.1
56","25.8
322","31.5
190","47.9
36","48.7
309","68.2
245","69.7
157","49.7
120","55.2
343","35.5
119","35.1
218"
Western Carolina,SC,"103.2
209","110.6
273","48.2
232","50.5
209","17.8
135","19.8
69","35.4
43","32.7
245","36.8
269","58.0
349","71.7
116","70.7
217","46.1
272","50.8
258","34.9
144","33.2
108"
LIU Brooklyn,NEC,"103.2
210","118.9
348","49.4
180","54.6
336","18.6
197","15.6
321","31.0
185","33.9
287","37.8
250","30.9
19","71.7
118","69.5
147","47.8
211","52.5
311","34.5
165","39.0
338"
Valparaiso,Horz,"103.1
211","103.9
149","51.4
87","46.1
43","22.6
342","16.1
304","32.7
125","31.1
155","45.8
48","43.9
253","73.2
59","71.3
258","50.7
79","43.8
26","35.0
141","34.1
153"
Loyola Chicago,MVC,"102.9
212","108.6
234","51.9
68","51.2
240","20.7
313","18.1
195","26.8
306","31.5
189","38.0
247","42.1
215","70.1
173","70.3
198","51.6
52","51.0
263","35.0
140","34.5
178"
Bucknell,Pat,"102.8
213","102.0
111","48.9
200","47.9
107","16.8
70","14.4
346","29.0
254","24.4
2","31.7
339","31.8
27","74.6
25","66.3
26","44.6
321","46.5
94","39.0
21","33.9
142"
Charlotte,CUSA,"102.7
214","103.0
132","49.7
163","49.2
147","21.0
318","17.4
236","33.8
89","29.7
99","39.5
192","36.1
86","64.8
327","64.3
1","48.2
193","49.2
194","35.6
116","32.8
85"
UC Irvine,BW,"102.7
215","96.1
33","51.4
86","42.3
2","19.4
253","14.9
340","32.0
150","29.5
88","36.3
280","39.3
152","62.8
342","71.3
267","50.7
78","39.2
1","35.5
122","33.2
107"
Dartmouth,Ivy,"102.7
216","110.5
268","49.2
187","51.8
269","18.8
212","19.6
84","31.6
169","27.2
15","36.3
282","49.9
321","67.8
255","75.0
347","45.7
284","49.6
210","38.1
37","37.4
304"
Cal Poly 16,BW,"102.6
217","105.0
169","46.0
316","49.3
152","14.7
14","18.1
186","30.9
193","33.2
267","33.2
328","42.9
230","68.2
239","72.3
303","44.2
327","48.6
173","33.0
228","33.8
139"
Norfolk St.,MEAC,"102.6
218","109.1
247","50.1
141","49.4
158","20.4
302","19.1
119","36.8
24","32.7
244","38.4
231","44.6
266","68.5
223","71.0
240","49.5
127","47.8
143","34.4
168","34.7
189"
Morehead St.,OVC,"102.5
219","105.1
172","49.3
183","51.0
234","22.1
334","20.6
41","38.1
14","27.5
20","53.2
6","52.3
330","70.7
154","71.0
238","51.1
67","50.6
249","30.4
325","34.6
186"
UC Davis,BW,"102.5
220","116.2
337","49.9
150","55.8
345","17.3
103","18.3
168","23.9
342","35.6
328","37.2
258","38.8
147","68.9
211","74.6
343","48.3
190","54.4
338","34.9
147","39.2
342"
American 15,Pat,"102.5
221","98.2
56","55.8
7","46.4
52","23.1
345","19.6
86","26.5
310","29.7
102","35.0
301","40.7
178","70.7
152","67.9
70","55.1
8","45.7
67","37.9
47","31.9
53"
North Florida,ASun,"102.5
222","111.4
283","49.4
176","51.3
249","21.9
332","15.5
323","34.0
82","31.1
154","40.5
166","40.2
167","70.1
171","66.1
20","47.4
222","50.1
233","35.4
124","36.3
269"
Portland St.,BSky,"102.3
223","112.1
298","51.7
73","53.3
316","17.1
85","19.5
90","26.3
314","32.5
242","39.6
188","41.5
203","73.3
58","72.2
295","50.5
93","52.9
321","36.1
91","36.4
273"
Liberty,BSth,"102.2
224","112.4
303","49.9
153","51.0
233","20.5
308","15.1
335","38.0
15","29.9
107","34.5
308","38.1
125","70.2
168","72.2
298","48.4
180","50.0
227","35.7
110","35.0
212"
Utah Valley,WAC,"102.2
225","106.7
206","48.8
208","49.5
163","17.2
89","15.8
316","27.7
285","28.8
60","38.7
224","35.4
71","75.2
19","64.8
3","48.0
199","49.6
208","33.5
206","32.8
87"
Yale,Ivy,"102.1
226","102.0
110","46.2
310","50.2
196","19.7
264","18.6
152","34.0
83","25.3
4","50.5
19","41.0
185","69.3
198","71.1
245","45.6
289","47.9
151","31.7
291","36.3
270"
Incarnate Word,Slnd,"102.0
227","112.1
299","52.3
55","51.0
231","18.4
179","19.5
92","31.2
177","30.0
110","41.3
143","41.5
202","70.2
167","70.3
197","50.6
89","46.2
84","37.1
61","41.9
351"
Hartford,AE,"101.9
228","108.2
228","54.2
18","51.3
246","21.7
328","20.4
45","24.0
340","32.0
221","38.9
215","41.3
196","70.3
164","68.3
84","52.4
31","51.2
272","37.6
55","34.3
166"
Troy,SB,"101.9
229","108.9
240","47.5
259","50.5
210","18.8
217","17.9
204","32.8
119","32.3
231","43.9
78","30.6
15","66.0
299","71.8
285","45.4
295","51.4
278","33.9
188","32.5
72"
Siena,MAAC,"101.9
230","101.0
97","45.8
320","46.6
58","20.2
291","18.6
153","36.6
25","33.1
261","41.7
129","51.5
329","72.0
100","67.7
63","44.8
312","45.3
56","32.8
239","33.0
99"
Illinois St.,MVC,"101.9
231","100.3
83","46.9
280","48.8
130","18.0
147","20.2
51","26.9
304","30.5
132","40.7
158","42.3
218","70.1
170","67.3
49","47.5
218","46.2
87","30.8
316","35.4
238"
Illinois Chicago,Horz,"101.9
232","108.7
237","46.1
314","53.1
308","19.0
232","16.6
280","30.4
212","28.1
38","39.2
206","49.9
320","71.4
130","69.4
142","44.8
316","51.4
280","32.6
255","37.8
316"
Niagara,MAAC,"101.9
233","110.9
275","47.2
268","54.7
337","18.5
190","20.2
52","32.1
148","34.5
302","48.6
30","50.6
325","68.2
244","70.1
181","48.0
203","53.3
328","30.0
332","38.4
329"
Cornell,Ivy,"101.9
234","120.1
349","46.7
288","56.8
347","18.2
166","15.5
322","28.1
278","32.7
247","28.2
349","47.0
291","66.7
284","72.5
307","46.5
262","54.4
339","31.4
307","41.0
349"
South Florida,Amer,"101.8
235","104.9
166","46.2
313","49.7
170","19.2
245","17.5
230","31.6
166","31.8
208","43.8
82","33.9
51","66.2
295","71.3
265","48.3
188","47.3
125","25.8
351","37.0
291"
Texas A&M,SEC,"101.7
236","95.3
23","47.9
243","45.3
26","17.4
107","20.3
48","27.2
295","31.4
179","38.8
217","39.8
159","64.2
333","68.9
126","48.1
195","46.5
92","31.7
289","28.8
4"
Washington St.,P12,"101.6
237","103.3
137","46.9
279","51.5
256","18.0
146","17.5
228","27.7
286","27.9
31","37.2
257","44.7
269","65.8
307","68.9
125","45.2
302","49.6
211","32.7
244","36.9
287"
Florida Atlantic,CUSA,"101.6
238","107.3
216","47.7
248","47.7
96","19.5
258","16.7
275","33.3
104","34.0
289","36.2
283","41.4
200","65.2
320","71.2
255","46.9
243","46.6
100","32.7
245","33.7
134"
Western Kentucky,SB,"101.5
239","102.1
113","47.6
257","48.5
121","20.2
285","18.9
133","34.3
70","28.1
37","41.9
121","43.1
236","65.1
324","71.4
272","45.8
280","46.8
109","33.5
204","35.0
214"
Fairleigh Dickinson,NEC,"101.5
240","113.6
322","47.7
249","51.2
242","17.6
128","18.4
165","30.3
216","38.1
349","35.7
291","47.8
302","72.1
95","73.1
324","45.0
309","49.0
183","35.0
137","37.0
288"
FIU,CUSA,"101.4
241","107.2
213","48.5
218","49.4
159","20.4
303","18.2
183","33.2
105","33.7
280","42.9
98","37.5
113","67.3
266","68.4
92","49.1
149","49.0
182","31.3
308","33.5
126"
UTSA,CUSA,"101.4
242","114.6
329","47.9
244","54.9
339","23.2
346","17.1
250","34.5
66","33.1
263","51.5
14","44.0
258","70.0
177","67.9
71","46.6
257","54.3
337","33.4
207","37.3
301"
Detroit,Horz,"101.3
243","104.2
152","45.8
321","50.1
191","18.5
185","19.5
93","32.6
128","30.5
128","38.5
228","50.3
324","72.8
71","69.8
161","45.7
283","47.9
149","30.8
317","36.1
266"
Austin Peay,OVC,"101.3
244","111.0
278","52.6
44","53.3
314","21.4
324","19.9
68","29.6
238","35.1
317","49.3
27","34.9
60","67.4
263","74.2
337","53.5
19","52.7
313","33.5
202","36.2
268"
Northeastern,CAA,"101.2
245","105.1
174","48.0
238","50.8
223","20.0
277","17.1
249","32.7
122","29.7
100","44.4
68","33.4
44","64.5
331","68.3
87","47.7
213","48.7
174","32.4
265","37.1
294"
Mississippi St.,SEC,"101.2
246","103.2
134","48.5
219","51.1
238","20.2
289","20.3
50","28.6
264","31.5
187","43.3
89","33.0
39","66.3
293","71.3
264","49.5
124","52.3
306","30.7
319","32.6
79"
Marist,MAAC,"101.1
247","106.8
207","46.6
290","50.6
217","18.1
158","19.5
91","29.7
233","33.0
258","40.3
174","38.3
127","71.4
124","68.9
118","43.9
331","47.5
136","34.7
153","38.2
323"
South Dakota,Sum,"101.1
248","109.9
255","48.7
211","51.6
261","18.9
221","15.9
313","25.7
323","30.5
133","39.8
182","37.8
118","75.7
14","72.0
289","46.7
255","47.8
145","35.2
128","39.2
341"
Tennessee Tech,OVC,"101.0
249","108.2
230","50.0
147","51.5
254","22.4
339","19.5
98","35.5
39","31.6
192","46.1
45","54.3
339","67.2
269","70.9
231","50.5
92","50.5
245","32.6
249","35.6
248"
Old Dominion,CUSA,"100.9
250","101.0
98","47.7
252","47.8
102","20.4
301","19.7
77","33.2
108","29.5
87","39.3
200","44.6
265","62.1
347","67.2
47","47.2
232","45.0
51","32.6
248","35.8
260"
,,Adj. Eff.,,Eff. FG%,,Turnover%,,Off. Reb%,,FT Rate,,FT%,,2P%,,3P%,
Team,Conf,Off.,Def.,Off.,Def.,Off.,Def.,Off.,Def.,Off.,Def.,Off.,Def.,Off.,Def.,Off.,Def.
Brown,Ivy,"100.7
251","100.9
94","48.2
227","44.6
17","18.7
200","16.7
274","30.5
203","27.8
26","35.6
294","37.3
110","67.8
253","70.6
213","44.7
317","44.1
33","37.7
54","30.6
18"
Cal St. Bakersfield,WAC,"100.7
252","106.4
196","49.5
172","49.0
139","21.0
319","19.0
126","34.3
72","31.5
181","38.7
223","52.5
332","68.8
214","69.7
155","45.4
294","50.0
230","38.6
29","31.4
35"
Little Rock,SB,"100.6
253","106.0
188","46.0
318","49.9
181","19.0
234","18.3
169","31.3
175","30.4
125","41.5
139","50.2
323","74.2
37","69.2
134","45.8
279","48.3
162","31.1
311","34.9
207"
Cal St. Fullerton,BW,"100.6
254","108.6
235","48.1
236","50.7
220","17.8
131","17.0
254","29.1
252","29.1
75","38.1
243","45.9
283","65.8
308","70.5
207","47.3
224","50.6
251","33.1
224","34.0
146"
Bradley,MVC,"100.6
255","103.9
150","46.4
303","50.0
186","18.7
204","20.2
53","32.3
139","31.1
156","36.5
276","43.4
245","70.1
172","71.3
260","45.7
282","50.7
253","32.2
271","32.6
78"
Virginia Tech,ACC,"100.5
256","99.6
73","47.1
273","47.0
72","19.7
267","13.0
348","31.7
162","29.5
89","38.1
241","33.5
45","64.8
326","66.6
30","43.1
340","45.6
66","36.1
93","32.6
75"
Chattanooga,SC,"100.5
257","110.4
267","47.4
261","51.5
255","18.9
226","17.9
206","34.1
75","32.4
234","44.6
65","36.1
83","71.1
141","68.0
73","46.7
254","51.7
291","32.5
260","34.0
147"
Marshall,CUSA,"100.5
258","105.3
179","46.6
292","50.3
199","18.9
231","19.5
94","32.8
121","34.5
301","42.4
105","43.5
247","61.7
348","64.3
2","48.0
198","51.1
269","29.1
341","32.4
69"
SIU Edwardsville,OVC,"100.5
259","113.3
317","52.3
54","55.5
341","20.1
284","19.5
96","29.2
245","33.2
268","37.9
248","40.8
181","67.8
257","69.3
137","50.6
83","57.7
348","37.1
62","33.9
143"
Morgan St.,MEAC,"100.5
260","105.9
186","46.5
300","48.6
124","18.4
182","19.8
70","36.1
32","34.0
288","41.5
137","44.7
268","61.2
350","66.9
36","49.5
130","46.6
98","26.1
350","35.6
251"
Samford,SC,"100.4
261","117.7
342","51.8
71","53.3
315","18.9
229","17.1
248","27.1
298","33.7
282","38.9
216","49.1
314","67.3
267","68.3
86","53.0
22","52.3
305","32.6
254","36.8
284"
Tennessee St.,OVC,"100.4
262","113.9
325","47.1
274","52.3
288","18.4
180","16.6
279","31.9
155","33.0
257","43.0
96","51.4
328","69.6
186","72.4
304","48.4
178","52.8
319","29.4
338","34.1
155"
North Texas,CUSA,"100.4
263","105.1
175","46.5
294","48.9
135","18.1
154","17.6
224","29.2
246","30.5
130","41.3
142","42.5
222","68.3
233","67.5
56","44.8
315","47.0
116","34.2
178","35.5
240"
Wofford 15,SC,"100.4
264","102.8
128","48.8
205","49.5
162","16.4
56","19.7
74","30.9
191","29.0
68","33.0
329","39.4
154","66.5
287","68.6
103","47.4
220","49.6
209","34.6
159","32.9
91"
Gardner Webb,BSth,"100.3
265","105.2
176","47.6
254","50.8
224","17.9
140","20.0
62","33.2
106","31.5
182","41.2
147","38.7
144","69.6
184","69.9
166","47.2
230","51.2
273","32.5
258","33.2
110"
Seattle,WAC,"100.2
266","106.7
205","48.7
209","49.1
143","20.1
282","18.3
172","36.4
29","31.2
160","33.8
319","48.0
304","65.9
302","72.7
313","47.1
236","47.5
134","34.2
176","34.8
196"
Coppin St.,MEAC,"100.2
267","113.2
315","45.3
332","53.1
309","17.2
97","19.3
100","30.2
217","36.8
344","40.2
177","35.8
79","73.4
53","66.1
19","43.1
341","53.1
326","32.4
264","35.4
236"
Wright St.,Horz,"100.1
268","97.8
53","51.2
99","48.6
122","20.3
295","23.6
7","23.5
345","29.0
71","43.0
95","45.0
272","73.5
50","72.1
291","49.3
137","48.2
154","36.5
75","33.0
94"
TCU,B12,"100.1
269","103.4
139","44.6
340","50.3
201","17.6
129","18.9
128","24.6
335","39.0
351","44.8
62","35.4
70","73.2
61","70.4
201","43.3
338","49.8
220","31.9
280","34.3
168"
Florida Gulf Coast,ASun,"99.9
270","101.4
103","51.1
108","47.7
94","19.2
242","18.6
151","30.0
221","28.6
48","36.0
288","35.4
72","68.9
207","65.8
14","52.5
30","45.8
71","31.9
281","34.2
163"
Maryland Eastern Shore,MEAC,"99.8
271","121.1
350","45.0
335","54.3
334","18.7
210","19.0
125","32.3
140","35.9
332","42.3
112","43.6
248","72.4
84","71.4
269","43.4
337","53.0
325","32.1
274","38.1
321"
Tulane,CUSA,"99.8
272","110.7
274","47.4
260","50.7
221","20.1
283","16.6
281","30.1
220","31.8
210","49.5
24","40.7
176","69.4
194","67.8
69","44.6
324","49.3
196","35.1
132","35.4
234"
Northern Arizona,BSky,"99.8
273","108.8
238","49.9
152","53.0
307","19.6
260","18.4
167","33.1
110","28.0
35","34.3
313","40.1
162","71.4
126","71.2
251","48.9
157","49.3
195","35.0
138","40.1
346"
Eastern Illinois,OVC,"99.6
274","111.7
292","48.7
212","53.6
320","20.1
281","17.8
213","30.6
202","30.7
139","41.8
127","45.7
282","72.1
98","71.1
243","48.7
172","50.3
239","32.5
261","40.3
348"
Air Force,MWC,"99.5
275","105.6
182","49.5
174","50.9
228","20.5
310","17.8
214","26.4
313","30.2
118","37.1
261","43.9
257","69.0
205","70.8
226","49.6
123","51.1
268","32.9
234","33.7
133"
College of Charleston,CAA,"99.4
276","99.9
78","47.3
264","45.5
32","20.3
294","15.1
334","34.8
58","27.9
29","34.4
309","43.1
239","66.2
294","65.3
11","44.9
311","43.4
18","34.5
166","34.2
160"
Northwestern,B10,"99.3
277","95.4
25","46.1
315","45.9
39","17.3
100","16.4
288","22.5
348","30.6
137","35.5
296","38.0
122","70.0
174","66.2
24","46.1
271","45.3
55","30.6
322","31.5
45"
Penn,Ivy,"99.2
278","106.3
192","49.7
164","48.9
131","22.9
344","18.2
185","28.6
268","34.5
305","39.1
208","49.5
317","67.8
254","70.2
192","50.3
96","44.4
42","32.1
276","38.3
328"
Miami OH,MAC,"99.1
279","102.6
125","48.3
226","53.8
323","20.2
287","21.7
19","24.5
336","29.5
91","34.8
304","33.3
42","75.5
17","68.2
78","49.7
121","52.4
310","30.0
331","37.3
303"
St. Francis NY,NEC,"98.9
280","101.9
109","48.2
229","45.9
37","19.4
252","18.2
181","33.2
107","29.1
73","36.1
285","43.7
250","68.1
247","72.7
311","48.7
168","44.2
35","31.5
300","33.8
140"
Coastal Carolina 16,BSth,"98.9
281","102.5
122","48.0
241","47.5
87","20.2
286","18.3
173","34.2
74","29.3
80","38.6
227","39.6
156","69.0
204","69.9
167","47.6
214","46.7
103","32.6
251","32.4
68"
James Madison,CAA,"98.8
282","107.1
211","45.7
324","49.1
146","18.8
216","18.4
166","29.7
236","31.8
211","47.4
39","44.4
263","68.5
222","69.6
151","48.2
194","46.8
108","27.3
349","35.1
220"
Campbell,BSth,"98.7
283","116.0
335","51.3
95","52.0
279","20.3
299","16.0
307","31.0
187","36.2
338","27.4
351","37.0
104","68.3
236","68.2
79","50.2
99","51.7
288","35.1
133","35.1
219"
Sacred Heart,NEC,"98.6
284","113.2
312","46.7
289","52.3
289","17.6
125","18.4
164","32.4
134","33.0
256","35.7
292","44.2
261","68.5
224","74.2
336","45.5
293","52.8
320","32.7
243","34.2
162"
Southeastern Louisiana,Slnd,"98.6
285","113.2
313","50.0
148","50.6
216","18.5
189","15.9
312","25.3
326","33.5
278","39.0
211","43.9
256","68.8
217","68.4
91","47.5
217","50.9
259","36.5
76","33.3
113"
Georgia Southern,SC,"98.6
286","110.6
271","48.8
204","51.8
270","17.9
139","18.1
189","30.3
213","30.3
121","36.9
268","32.8
38","66.1
297","70.1
184","48.4
179","51.5
283","33.0
229","34.9
206"
Eastern Michigan,MAC,"98.4
287","95.0
21","44.2
343","43.8
4","17.9
143","22.6
11","30.4
210","37.1
347","43.0
93","40.2
165","68.1
246","68.6
102","43.8
332","41.2
4","30.0
330","32.0
59"
UMKC,WAC,"98.1
288","108.0
225","48.2
230","52.5
295","18.3
172","19.3
103","25.7
324","31.2
168","40.9
157","43.3
242","63.2
340","71.4
273","49.4
133","52.7
315","30.5
323","34.7
193"
Nicholls St.,Slnd,"98.1
289","111.9
295","49.8
162","51.7
264","18.2
164","19.2
109","28.2
274","31.2
167","39.5
194","60.7
351","64.1
336","71.0
241","52.2
40","52.2
304","30.4
326","33.7
135"
Chicago St.,WAC,"98.0
290","109.6
254","46.8
281","52.5
296","17.1
86","22.1
13","27.0
301","37.0
346","33.8
320","53.6
337","68.2
242","69.8
163","45.1
305","52.1
303","33.3
209","35.5
243"
Wagner,NEC,"98.0
291","100.6
90","46.2
311","44.3
8","18.1
156","18.9
129","34.4
67","31.7
201","37.0
264","44.2
260","73.1
63","71.9
287","44.9
310","43.9
29","33.1
222","30.1
9"
Delaware St.,MEAC,"97.9
292","113.4
320","46.3
305","49.5
165","19.5
259","18.1
194","29.0
257","35.7
330","38.7
225","41.1
189","69.4
195","71.3
261","45.8
278","51.5
285","31.6
297","30.7
22"
Southern,SWAC,"97.9
293","99.9
76","49.3
184","42.8
3","20.5
309","18.3
174","32.0
152","30.1
113","39.3
199","53.7
338","62.2
346","66.1
23","48.2
192","41.4
5","34.6
163","30.5
15"
Saint Peter's,MAAC,"97.8
294","104.4
155","45.7
323","47.6
92","18.7
206","18.1
192","30.9
192","31.6
196","42.1
116","40.9
184","70.4
161","69.9
165","45.0
307","46.5
93","31.6
296","33.3
116"
Central Connecticut,NEC,"97.8
295","111.7
290","48.1
237","50.9
229","19.9
276","18.2
182","28.8
262","36.4
342","29.6
347","34.2
55","72.4
83","68.9
117","47.3
227","48.8
176","33.5
205","36.6
280"
Jacksonville St.,OVC,"97.6
296","112.1
297","46.4
304","53.7
322","17.5
118","19.3
102","31.1
183","34.7
312","41.4
141","47.6
299","67.0
273","71.3
263","45.9
277","52.0
300","31.6
294","38.7
335"
UC Riverside,BW,"97.5
297","108.9
241","46.5
299","49.3
151","19.4
254","17.4
233","29.3
244","30.7
140","41.8
126","43.0
232","69.3
196","74.6
342","47.2
234","45.9
77","29.7
335","38.2
325"
Lehigh,Pat,"97.5
298","104.6
163","48.8
206","48.1
113","18.0
149","16.8
266","26.1
316","32.4
237","32.7
331","31.1
20","70.7
153","69.8
162","46.5
260","46.7
104","35.9
100","34.0
145"
IUPUI,Sum,"97.4
299","114.5
328","46.5
298","54.1
331","17.2
95","15.3
327","22.7
347","31.9
214","32.6
334","33.2
41","73.5
51","74.6
340","46.8
250","53.6
333","30.4
327","37.0
290"
Ball St.,MAC,"97.3
300","109.0
243","46.6
293","51.5
257","25.0
351","16.3
299","34.0
85","30.4
122","42.6
101","45.4
277","68.4
229","69.7
156","46.3
267","52.3
308","31.5
302","33.1
102"
,,Adj. Eff.,,Eff. FG%,,Turnover%,,Off. Reb%,,FT Rate,,FT%,,2P%,,3P%,
Team,Conf,Off.,Def.,Off.,Def.,Off.,Def.,Off.,Def.,Off.,Def.,Off.,Def.,Off.,Def.,Off.,Def.
Fairfield,MAAC,"97.0
301","103.9
147","46.0
317","47.1
75","21.8
330","16.6
283","30.5
205","29.1
74","34.6
306","58.6
350","68.5
221","71.1
248","43.6
335","45.3
57","33.3
212","34.6
185"
Louisiana Monroe,SB,"97.0
302","104.4
157","47.0
277","49.2
148","19.7
268","16.5
284","30.3
215","31.3
174","35.5
297","38.2
126","62.6
344","65.8
16","47.0
238","48.8
177","31.4
306","33.3
117"
McNeese St.,Slnd,"96.9
303","112.7
308","44.1
344","51.8
272","18.2
169","18.9
130","32.8
120","36.1
334","33.6
324","36.6
96","68.8
213","71.1
247","43.5
336","48.3
164","30.2
328","38.9
337"
Bethune Cookman,MEAC,"96.8
304","117.7
343","45.7
322","51.7
265","19.7
271","19.7
76","31.8
160","38.7
350","34.1
315","53.4
335","71.3
133","71.1
244","41.3
348","51.1
271","35.8
101","35.3
229"
Loyola MD,Pat,"96.7
305","108.9
242","44.9
337","52.8
304","18.3
176","20.9
34","30.5
204","35.4
321","41.1
151","40.3
169","66.4
290","73.2
329","44.1
329","48.3
163","31.5
299","41.5
350"
The Citadel,SC,"96.7
306","118.3
345","47.7
250","51.6
262","19.2
248","14.8
344","27.0
299","34.6
310","34.4
311","36.4
93","71.2
137","67.4
50","45.1
304","51.1
270","35.7
111","35.1
217"
St. Francis PA,NEC,"96.4
307","111.3
281","47.6
253","52.4
292","17.0
81","17.5
227","26.0
318","32.2
228","32.7
332","30.1
12","64.2
334","75.3
350","47.3
228","50.8
257","32.0
279","37.5
308"
Monmouth,MAAC,"96.3
308","105.0
170","46.8
283","51.2
244","20.5
311","21.3
25","33.7
92","30.9
150","40.6
162","48.6
308","64.0
337","68.8
114","45.4
296","50.0
231","33.6
197","35.3
232"
UNC Wilmington,CAA,"96.3
309","104.4
158","44.0
345","50.4
205","17.6
126","17.3
237","31.4
172","34.2
295","32.3
337","41.9
210","65.3
319","64.9
7","44.6
322","49.7
216","28.3
344","34.4
172"
Longwood,BSth,"96.3
310","117.6
341","47.1
275","55.7
344","18.8
219","18.2
180","26.8
307","35.3
320","30.9
342","44.4
264","73.0
68","75.8
351","45.6
291","55.2
344","34.1
180","37.7
313"
Hampton,MEAC,"96.2
311","101.5
105","46.4
302","45.1
22","20.2
293","22.1
14","32.9
118","35.1
316","50.9
16","53.6
336","65.6
310","66.0
18","46.0
274","41.6
6","31.6
292","35.4
237"
Central Arkansas,Slnd,"96.2
312","113.0
310","49.3
182","52.0
280","20.3
300","19.2
113","28.0
281","37.8
348","38.2
240","49.0
313","59.9
351","72.4
305","46.9
245","52.0
299","36.7
71","34.5
176"
Prairie View A&M,SWAC,"96.1
313","113.3
316","46.8
282","51.8
271","20.4
305","19.5
97","31.1
184","36.9
345","40.6
163","50.1
322","64.6
329","67.7
65","44.8
314","51.7
293","33.9
187","34.7
191"
Alabama St.,SWAC,"95.8
314","112.3
301","45.5
327","49.7
171","17.6
127","21.4
22","33.3
103","34.7
311","40.7
159","40.0
161","68.4
227","70.2
191","47.2
229","50.9
261","28.0
345","31.4
39"
NJIT,ind,"95.8
315","110.9
277","48.0
240","50.3
198","18.6
194","18.8
142","26.1
317","32.7
248","38.8
220","47.5
297","71.9
109","70.0
173","45.0
308","49.8
218","35.7
108","34.1
152"
Abilene Christian,Slnd,"95.8
316","117.0
338","47.2
267","56.4
346","22.3
338","18.0
203","24.9
332","33.8
284","42.3
113","48.3
305","74.6
27","71.0
233","42.3
345","56.8
347","37.3
58","37.1
293"
Rice,CUSA,"95.7
317","106.4
195","48.2
228","49.5
164","19.6
262","16.8
270","21.3
350","30.5
135","31.9
338","46.4
287","64.3
332","70.8
228","47.9
206","48.3
161","32.4
266","34.7
192"
Montana St.,BSky,"95.5
318","109.3
250","48.0
239","53.8
324","18.0
145","19.6
82","25.8
321","27.4
18","39.3
203","38.7
145","71.3
134","72.6
309","46.8
251","52.6
312","33.8
192","37.3
300"
New Orleans,Slnd,"95.4
319","113.4
319","46.7
286","53.2
313","23.4
347","19.7
78","34.1
78","33.1
264","51.8
12","42.5
221","69.6
185","70.2
189","45.6
290","52.7
318","32.9
232","36.4
276"
Texas St.,SB,"95.4
320","103.2
133","47.5
258","51.9
277","21.5
325","19.2
114","29.7
235","28.9
64","33.6
325","43.4
246","66.7
280","70.3
199","48.0
204","47.9
147","30.7
320","40.0
345"
Grambling St.,SWAC,"95.2
321","122.8
351","46.5
296","57.4
350","21.9
333","18.3
175","30.6
200","36.1
336","40.5
167","40.5
173","67.5
260","65.8
15","45.3
300","57.7
349","32.5
259","37.9
319"
Presbyterian,BSth,"95.2
322","118.7
347","50.1
142","54.1
330","19.1
240","15.0
338","21.6
349","34.5
307","30.6
344","28.3
4","68.2
243","69.9
168","49.2
143","52.7
316","34.7
158","37.7
312"
UNC Greensboro,SC,"95.1
323","110.0
256","47.3
266","50.5
211","19.6
261","17.2
241","28.6
267","28.5
46","37.8
249","47.5
298","68.8
216","70.2
190","46.1
273","50.5
247","33.6
200","33.7
131"
Maine,AE,"94.8
324","115.8
333","48.9
197","53.2
311","20.3
298","17.6
225","24.5
338","35.5
324","33.9
318","39.4
153","68.0
251","68.2
80","48.7
170","52.9
322","32.9
235","36.1
265"
Lamar,Slnd,"94.7
325","113.2
314","46.7
287","54.5
335","20.2
292","18.5
160","27.6
287","34.2
296","39.8
184","38.5
133","74.4
30","65.0
8","46.8
252","53.5
332","30.8
318","37.9
320"
Furman,SC,"94.7
326","114.6
330","48.8
203","52.5
294","20.9
317","16.1
303","26.5
308","34.9
314","40.6
164","29.9
11","68.4
228","71.2
253","48.9
156","51.0
266","32.4
267","37.0
289"
Northern Illinois,MAC,"94.6
327","98.0
54","42.6
350","46.7
63","22.9
343","20.8
36","35.9
33","31.0
152","50.6
18","47.1
292","68.3
234","66.1
22","43.2
339","47.3
126","27.6
348","30.5
17"
Western Illinois,Sum,"94.6
328","103.8
146","49.1
192","48.6
123","21.6
327","18.7
149","24.9
331","28.6
52","38.9
214","47.1
293","68.1
249","71.8
283","48.3
186","46.9
111","34.0
183","34.8
197"
Florida A&M,MEAC,"94.6
329","108.6
236","44.4
341","47.8
104","20.4
304","20.6
40","35.6
36","35.8
331","33.9
316","56.3
345","65.2
321","67.5
57","42.5
344","47.2
119","32.3
268","32.8
88"
UMass Lowell,AE,"94.6
330","113.4
321","45.6
325","50.3
200","20.8
315","18.2
184","28.0
279","36.0
333","38.8
221","35.5
74","70.3
165","71.0
239","43.9
330","51.7
294","32.1
275","31.8
52"
Stetson,ASun,"94.5
331","114.3
327","47.1
272","53.2
312","19.4
256","18.8
143","27.5
289","36.3
341","36.7
271","38.0
121","66.7
283","71.1
249","48.8
163","51.7
290","29.2
340","37.2
298"
UT Rio Grande Valley,WAC,"94.5
332","106.3
191","45.3
331","50.8
225","17.8
137","21.1
30","29.2
247","34.6
309","35.8
290","46.4
286","66.0
298","68.9
124","46.7
253","51.3
274","27.9
347","33.2
112"
Navy,Pat,"94.4
333","106.6
202","45.8
319","51.2
245","20.0
279","20.8
35","29.7
234","29.8
104","29.4
348","43.2
241","63.0
341","71.3
266","43.7
334","49.8
219","32.9
231","35.7
254"
Mississippi Valley St.,SWAC,"94.1
334","116.0
336","45.3
330","54.8
338","20.3
297","18.6
154","29.9
230","32.0
219","36.1
287","49.3
316","66.9
278","68.2
81","44.7
320","54.5
340","31.1
310","37.2
297"
Alcorn St.,SWAC,"93.9
335","110.5
270","45.2
334","49.5
166","17.8
136","19.1
117","28.6
266","34.5
304","41.4
140","41.4
198","65.9
303","71.7
281","45.2
301","48.2
157","30.1
329","34.8
200"
North Carolina A&T,MEAC,"93.8
336","113.6
323","42.7
349","50.1
192","22.1
336","17.9
207","33.4
101","32.1
222","58.6
1","54.4
340","69.5
189","68.8
111","41.9
346","47.8
146","29.5
336","35.9
262"
Jackson St.,SWAC,"93.8
337","107.0
210","45.2
333","49.4
161","21.9
331","21.2
28","33.4
102","30.3
120","40.3
173","55.8
344","72.4
82","67.0
37","45.6
288","47.9
150","29.3
339","34.7
194"
San Jose St.,MWC,"93.4
338","106.3
190","44.7
338","50.0
187","20.3
296","14.9
341","28.1
277","30.5
131","33.0
330","45.9
284","72.0
103","67.3
48","40.7
349","48.5
170","32.8
240","35.2
223"
Binghamton,AE,"93.0
339","110.2
258","43.9
346","52.8
305","21.5
326","19.8
72","29.1
250","32.4
236","44.2
71","40.8
179","69.3
200","68.5
98","41.5
347","49.6
212","32.0
278","38.5
332"
Arkansas Pine Bluff,SWAC,"93.0
340","107.5
219","47.0
276","54.0
328","22.3
337","23.9
4","29.2
248","33.4
273","41.1
152","50.7
326","65.5
315","68.6
105","44.7
319","53.3
329","34.1
179","36.8
283"
Kennesaw St.,ASun,"92.9
341","111.5
285","47.2
269","51.2
243","23.8
348","18.1
196","31.0
188","34.8
313","38.3
234","47.3
295","65.2
323","74.5
339","45.3
298","51.4
279","34.0
184","33.8
138"
Bowling Green,MAC,"92.6
342","97.7
52","45.5
326","47.3
81","22.1
335","20.5
43","30.4
209","31.2
165","36.3
281","38.5
135","63.6
338","65.3
12","46.4
265","44.3
40","28.3
343","35.6
250"
Alabama A&M,SWAC,"92.3
343","105.4
181","46.3
306","45.2
24","19.8
274","20.2
54","27.6
288","34.2
297","41.5
136","54.6
342","66.5
286","68.9
123","45.0
306","44.5
44","32.3
269","31.4
37"
Houston Christian,Slnd,"92.1
344","111.6
287","46.3
308","50.9
230","22.4
340","16.4
294","30.6
201","33.6
279","39.5
193","43.2
240","67.8
256","69.0
128","44.8
313","51.0
267","33.7
196","33.7
130"
Savannah St.,MEAC,"92.0
345","101.4
102","46.3
309","45.4
30","23.9
349","21.4
23","31.8
159","35.0
315","38.9
212","49.0
312","65.3
318","70.0
177","46.3
266","45.4
60","30.8
315","30.3
13"
South Carolina St.,MEAC,"91.9
346","112.6
304","43.5
348","50.2
197","22.5
341","17.7
220","35.5
38","34.3
299","33.6
323","44.6
267","65.6
313","69.0
129","44.2
328","50.0
232","28.0
346","33.8
141"
Appalachian St.,SC,"91.8
347","110.4
265","44.2
342","52.7
302","18.7
205","18.9
131","33.4
100","31.3
171","41.1
150","43.1
237","63.6
339","67.5
58","44.3
326","51.6
286","29.4
337","37.1
295"
UMBC,AE,"91.6
348","110.3
262","45.4
328","51.3
250","21.3
320","21.7
20","29.1
253","31.3
175","40.2
176","57.4
347","65.8
306","70.2
193","44.7
318","49.5
205","31.1
309","36.3
271"
New Hampshire,AE,"90.0
349","107.2
212","43.7
347","46.6
59","20.5
307","17.0
256","27.3
294","29.1
76","32.3
336","43.8
252","69.5
188","71.6
278","39.7
350","46.5
96","32.9
236","31.3
34"
Southern Utah,BSky,"88.9
350","114.8
331","44.7
339","53.1
310","21.4
323","16.6
282","23.8
343","34.2
298","39.3
202","57.7
348","68.2
241","72.2
299","43.1
342","51.4
281","32.6
256","38.3
327"
Howard,MEAC,"88.3
351","106.5
197","42.1
351","49.9
182","24.0
350","21.3
26","31.8
161","36.3
340","49.3
25","54.4
341","68.2
240","68.9
121","38.9
351","49.8
221","32.9
230","33.4
121"
